[
  {"ville": "Nantes", "latitude": 47.22, "longitude": -1.55},
  {"ville": "Angers", "latitude": 47.47, "longitude": -0.55},
  {"ville": "Le Mans", "latitude": 48.00, "longitude": 0.20},
  {"ville": "Saint-Nazaire", "latitude": 47.28, "longitude": -2.21},
  {"ville": "La Roche-sur-Yon", "latitude": 46.67, "longitude": -1.43},
  {"ville": "Cholet", "latitude": 47.06, "longitude": -0.88},
  {"ville": "Laval", "latitude": 48.07, "longitude": -0.77},
  {"ville": "Sables-d'Olonne", "latitude": 46.50, "longitude": -1.78},
  {"ville": "Saumur", "latitude": 47.26, "longitude": -0.08},
  {"ville": "Fontenay-le-Comte", "latitude": 46.47, "longitude": -0.81},
  {"ville": "Chateaubriant", "latitude": 47.72, "longitude": -1.38},
  {"ville": "Les Herbiers", "latitude": 46.87, "longitude": -1.02},
  {"ville": "Beaucouze", "latitude": 47.48, "longitude": -0.62},
  {"ville": "Saint-Berthevin", "latitude": 48.07, "longitude": -0.83},
  {"ville": "Pornic", "latitude": 47.11, "longitude": -2.10},
  {"ville": "Vertou", "latitude": 47.17, "longitude": -1.49},
  {"ville": "Mauges-sur-Loire", "latitude": 47.35, "longitude": -0.93},
  {"ville": "Treillieres", "latitude": 47.32, "longitude": -1.61},
  {"ville": "Sainte-Luce-sur-Loire", "latitude": 47.26, "longitude": -1.51},
  {"ville": "Carquefou", "latitude": 47.28, "longitude": -1.49}
]